<?xml version="1.0" encoding="UTF-8"?>

<!--
    _________        _____ __________________        _____
    __  ____/___________(_)______  /__  ____/______ ____(_)_______
    _  / __  __  ___/__  / _  __  / _  / __  _  __ `/__  / __  __ \
    / /_/ /  _  /    _  /  / /_/ /  / /_/ /  / /_/ / _  /  _  / / /
    \____/   /_/     /_/   \_,__/   \____/   \__,_/  /_/   /_/ /_/

    Copyright (C) GridGain Systems. All Rights Reserved.
-->
<!--
    POM file.
-->
<project
    xmlns="http://maven.apache.org/POM/4.0.0"
    xmlns:xsi="http://www.w3.org/2001/XMLSchema-instance"
    xsi:schemaLocation="http://maven.apache.org/POM/4.0.0 http://maven.apache.org/xsd/maven-4.0.0.xsd">
    <modelVersion>4.0.0</modelVersion>

    <properties>
        <project.build.sourceEncoding>UTF-8</project.build.sourceEncoding>
        <gridgain.version>6.2.0</gridgain.version>
        <src.dir>src/main/java</src.dir>
    </properties>

    <groupId>org.gridgain</groupId>
    <artifactId>gridgain-examples</artifactId>
    <version>${gridgain.version}</version>

    <dependencies>
        <dependency>
            <groupId>org.gridgain</groupId>
            <artifactId>gridgain-core</artifactId>
            <version>${gridgain.version}</version>
        </dependency>

        <dependency>
            <groupId>org.gridgain</groupId>
            <artifactId>gridgain-hadoop2-integration</artifactId>
            <version>${gridgain.version}</version>
        </dependency>

        <dependency>
            <groupId>org.gridgain</groupId>
            <artifactId>gridgain-hibernate</artifactId>
            <version>${gridgain.version}</version>
        </dependency>

        <dependency>
            <groupId>org.gridgain</groupId>
            <artifactId>gridgain-scalar</artifactId>
            <version>${gridgain.version}</version>
        </dependency>

        <dependency>
            <groupId>org.gridgain</groupId>
            <artifactId>gridgain-spring</artifactId>
            <version>${gridgain.version}</version>
        </dependency>

        <dependency>
            <groupId>org.gridgain</groupId>
            <artifactId>gridgain-log4j</artifactId>
            <version>${gridgain.version}</version>
        </dependency>

        <dependency>
            <groupId>org.gridgain</groupId>
            <artifactId>gridgain-indexing</artifactId>
            <version>${gridgain.version}</version>
        </dependency>

        <dependency>
            <groupId>org.gridgain</groupId>
            <artifactId>gridgain-schedule</artifactId>
            <version>${gridgain.version}</version>
        </dependency>

        <dependency>
            <groupId>com.google.code.simple-spring-memcached</groupId>
            <artifactId>spymemcached</artifactId>
            <version>2.7.3</version>
            <exclusions>
                <exclusion>
                    <groupId>commons-codec</groupId>
                    <artifactId>commons-codec</artifactId>
                </exclusion>
            </exclusions>
        </dependency>
    </dependencies>

    <build>
        <sourceDirectory>${src.dir}</sourceDirectory>

        <resources>
            <resource>
                <directory>src/main/java</directory>
                <excludes>
                    <exclude>**/*.java</exclude>
                </excludes>
            </resource>
            <resource>
                <directory>config</directory>
            </resource>
        </resources>

        <pluginManagement>
            <plugins>
                <plugin>
                    <groupId>net.alchim31.maven</groupId>
                    <artifactId>scala-maven-plugin</artifactId>
                    <version>3.1.6</version>
                </plugin>
            </plugins>
        </pluginManagement>

        <plugins>
            <plugin>
                <artifactId>maven-compiler-plugin</artifactId>
                <version>3.1</version>
                <configuration>
                    <source>1.7</source>
                    <target>1.7</target>
                </configuration>
            </plugin>

            <plugin>
                <groupId>net.alchim31.maven</groupId>
                <artifactId>scala-maven-plugin</artifactId>
                <executions>
                    <execution>
                        <id>scala-compile-first</id>
                        <phase>process-resources</phase>
                        <goals>
                            <goal>add-source</goal>
                            <goal>compile</goal>
                        </goals>
                    </execution>
                    <execution>
                        <id>scala-test-compile</id>
                        <phase>process-test-resources</phase>
                        <goals>
                            <goal>testCompile</goal>
                        </goals>
                    </execution>
                </executions>
            </plugin>
        </plugins>
    </build>

    <profiles>
        <profile>
            <id>java8</id>

            <properties>
                <src.dir>src/main/java8</src.dir>
            </properties>

            <build>
                <plugins>
                    <plugin>
                        <artifactId>maven-compiler-plugin</artifactId>
                        <version>3.1</version>
                        <configuration>
                            <source>1.8</source>
                            <target>1.8</target>
                        </configuration>
                    </plugin>
                </plugins>
            </build>
        </profile>
    </profiles>
</project>
