<?xml version="1.0"?>

<!--
    _________        _____ __________________        _____
    __  ____/___________(_)______  /__  ____/______ ____(_)_______
    _  / __  __  ___/__  / _  __  / _  / __  _  __ `/__  / __  __ \
    / /_/ /  _  /    _  /  / /_/ /  / /_/ /  / /_/ / _  /  _  / / /
    \____/   /_/     /_/   \_,__/   \____/   \__,_/  /_/   /_/ /_/

    
 Copyright (C) GridGain Systems. All Rights Reserved.
 
 Licensed under the Apache License, Version 2.0 (the "License");
 you may not use this file except in compliance with the License.
 You may obtain a copy of the License at

     http://www.apache.org/licenses/LICENSE-2.0
 
 Unless required by applicable law or agreed to in writing, software
 distributed under the License is distributed on an "AS IS" BASIS,
 WITHOUT WARRANTIES OR CONDITIONS OF ANY KIND, either express or implied.
 See the License for the specific language governing permissions and
 limitations under the License.

    Version: @xml.file.version
-->

<!DOCTYPE Configure PUBLIC "-//Jetty//Configure//EN" "http://www.eclipse.org/jetty/configure.dtd">

<Configure id="Server" class="org.eclipse.jetty.server.Server">
    <Arg name="threadPool">
        <!-- Default queued blocking thread pool -->
        <New class="org.eclipse.jetty.util.thread.QueuedThreadPool">
            <Set name="minThreads">20</Set>
            <Set name="maxThreads">200</Set>
        </New>
    </Arg>

    <New id="httpCfg" class="org.eclipse.jetty.server.HttpConfiguration">
        <Set name="secureScheme">https</Set>
        <Set name="securePort">8443</Set>
        <Set name="sendServerVersion">true</Set>
        <Set name="sendDateHeader">true</Set>
    </New>

    <Call name="addConnector">
        <Arg>
            <New class="org.eclipse.jetty.server.ServerConnector">
                <Arg name="server"><Ref refid="Server"/></Arg>
                <Arg>
                    <Array type="org.eclipse.jetty.server.ConnectionFactory">
                        <Item>
                            <New class="org.eclipse.jetty.server.HttpConnectionFactory">
                                <Ref refid="httpCfg"/>
                            </New>
                        </Item>
                    </Array>
                </Arg>
                <!--
                    Note that in order to override local host and port values,
                    system properties must have names GRIDGAIN_JETTY_HOST and
                    GRIDGAIN_JETTY_PORT accordingly.
                -->
                <Set name="host"><SystemProperty name="GRIDGAIN_JETTY_HOST" default="0.0.0.0"/></Set>
                <Set name="port"><SystemProperty name="GRIDGAIN_JETTY_PORT" default="8180"/></Set>
                <Set name="idleTimeout">30000</Set>
                <Set name="reuseAddress">true</Set>
            </New>
        </Arg>
    </Call>

    <Set name="handler">
        <New id="Handlers" class="org.eclipse.jetty.server.handler.HandlerCollection">
            <Set name="handlers">
                <Array type="org.eclipse.jetty.server.Handler">
                    <Item>
                        <New id="Contexts" class="org.eclipse.jetty.server.handler.ContextHandlerCollection"/>
                    </Item>
                </Array>
            </Set>
        </New>
    </Set>

    <Set name="stopAtShutdown">false</Set>
</Configure>
