<?xml version="1.0" encoding="UTF-8"?>

<!--

 Copyright (C) GridGain Systems. All Rights Reserved.

 Licensed under the Apache License, Version 2.0 (the "License");
 you may not use this file except in compliance with the License.
 You may obtain a copy of the License at

     http://www.apache.org/licenses/LICENSE-2.0

 Unless required by applicable law or agreed to in writing, software
 distributed under the License is distributed on an "AS IS" BASIS,
 WITHOUT WARRANTIES OR CONDITIONS OF ANY KIND, either express or implied.
 See the License for the specific language governing permissions and
 limitations under the License.

    _________        _____ __________________        _____
    __  ____/___________(_)______  /__  ____/______ ____(_)_______
    _  / __  __  ___/__  / _  __  / _  / __  _  __ `/__  / __  __ \
    / /_/ /  _  /    _  /  / /_/ /  / /_/ /  / /_/ / _  /  _  / / /
    \____/   /_/     /_/   \_,__/   \____/   \__,_/  /_/   /_/ /_/
-->

<assembly xmlns="http://maven.apache.org/plugins/maven-assembly-plugin/assembly/1.1.2"
          xmlns:xsi="http://www.w3.org/2001/XMLSchema-instance"
          xsi:schemaLocation="http://maven.apache.org/plugins/maven-assembly-plugin/assembly/1.1.2
          http://maven.apache.org/xsd/assembly-1.1.2.xsd">
    <id>dependencies-visor</id>

    <formats>
        <format>dir</format>
    </formats>

    <includeBaseDirectory>false</includeBaseDirectory>

    <moduleSets>
        <moduleSet>
            <includes>
                <include>org.gridgain:gridgain-visor-console</include>
                <include>org.gridgain:gridgain-ssh</include>
                <include>org.gridgain:gridgain-scalar</include>
            </includes>
            <sources>
                <includeModuleDirectory>false</includeModuleDirectory>
                <fileSets>
                    <fileSet>
                        <directory>${basedir}</directory>
                        <outputDirectory>/</outputDirectory>
                        <includes>
                            <include>licenses/**</include>
                        </includes>
                    </fileSet>
                    <fileSet>
                        <directory>target/libs</directory>
                        <outputDirectory>/</outputDirectory>
                    </fileSet>
                    <fileSet>
                        <directory>target</directory>
                        <outputDirectory>/</outputDirectory>
                        <includes>
                            <include>*.jar</include>
                        </includes>
                        <excludes>
                            <exclude>*-tests.jar</exclude>
                            <exclude>*-javadoc.jar</exclude>
                            <exclude>*-sources.jar</exclude>
                        </excludes>
                    </fileSet>
                </fileSets>
            </sources>
        </moduleSet>
    </moduleSets>
</assembly>
