<?xml version="1.0" encoding="UTF-8"?>

<!--
    _________        _____ __________________        _____
    __  ____/___________(_)______  /__  ____/______ ____(_)_______
    _  / __  __  ___/__  / _  __  / _  / __  _  __ `/__  / __  __ \
    / /_/ /  _  /    _  /  / /_/ /  / /_/ /  / /_/ / _  /  _  / / /
    \____/   /_/     /_/   \_,__/   \____/   \__,_/  /_/   /_/ /_/

    
 Copyright (C) GridGain Systems. All Rights Reserved.
 
 Licensed under the Apache License, Version 2.0 (the "License");
 you may not use this file except in compliance with the License.
 You may obtain a copy of the License at

     http://www.apache.org/licenses/LICENSE-2.0
 
 Unless required by applicable law or agreed to in writing, software
 distributed under the License is distributed on an "AS IS" BASIS,
 WITHOUT WARRANTIES OR CONDITIONS OF ANY KIND, either express or implied.
 See the License for the specific language governing permissions and
 limitations under the License.

    Version: @xml.file.version
-->

<!--
    Example grid configuration using TCP discovery and JDBC IP finder.
-->
<beans xmlns="http://www.springframework.org/schema/beans"
       xmlns:xsi="http://www.w3.org/2001/XMLSchema-instance"
       xsi:schemaLocation="
        http://www.springframework.org/schema/beans http://www.springframework.org/schema/beans/spring-beans.xsd">
    <description>Main Spring file for grid configuration.</description>

    <!--
        Data source configuration.

        Sample configuration is given using c3p0 connection pool (you may also use any other pool on your choice
        or configure data source directly).

        For more information on c3p0 visit: http://www.mchange.com/projects/c3p0/index.html.

        If you have local DB and time to establish a connection is minimal, you may set minPoolSize to 0
        and maxIdleTime to 3 (sec). This will allow your DB server not to deal with large number of connections.
    -->
    <bean id="dataSource" class="com.mchange.v2.c3p0.ComboPooledDataSource" destroy-method="close"
          lazy-init="false">
        <property name="driverClass" value="DRIVER_CLASS (e.g. com.mysql.jdbc.Driver)"/>
        <property name="jdbcUrl" value="JDBC_URL (e.g. jdbc:mysql://HOST_ADDR/DB_NAME)"/>
        <property name="user" value="USERNAME"/>
        <property name="password" value="PASSWORD"/>
        <property name="initialPoolSize" value="1"/>
        <property name="maxPoolSize" value="3"/>
        <property name="minPoolSize" value="1"/>
        <property name="acquireIncrement" value="1"/>
        <property name="acquireRetryAttempts" value="0"/>
        <property name="dataSourceName" value="DATA_SOURCE_NAME"/>
    </bean>

    <!--
        Grid configuration.
    -->
    <bean id="grid.cfg" class="org.gridgain.grid.GridConfiguration">
        <!--
            Configuration for TCP discovery SPI (JDBC IP finder).
        -->
        <property name="discoverySpi">
            <bean class="org.gridgain.grid.spi.discovery.tcp.GridTcpDiscoverySpi">
                <property name="ipFinder">
                    <bean class="org.gridgain.grid.spi.discovery.tcp.ipfinder.jdbc.GridTcpDiscoveryJdbcIpFinder">
                        <property name="dataSource" ref="dataSource"/>
                    </bean>
                </property>
            </bean>
        </property>
    </bean>
</beans>
