<?xml version="1.0" encoding="UTF-8"?>

<!--
    _________        _____ __________________        _____
    __  ____/___________(_)______  /__  ____/______ ____(_)_______
    _  / __  __  ___/__  / _  __  / _  / __  _  __ `/__  / __  __ \
    / /_/ /  _  /    _  /  / /_/ /  / /_/ /  / /_/ / _  /  _  / / /
    \____/   /_/     /_/   \_,__/   \____/   \__,_/  /_/   /_/ /_/

    
 Copyright (C) GridGain Systems. All Rights Reserved.
 
 Licensed under the Apache License, Version 2.0 (the "License");
 you may not use this file except in compliance with the License.
 You may obtain a copy of the License at

     http://www.apache.org/licenses/LICENSE-2.0
 
 Unless required by applicable law or agreed to in writing, software
 distributed under the License is distributed on an "AS IS" BASIS,
 WITHOUT WARRANTIES OR CONDITIONS OF ANY KIND, either express or implied.
 See the License for the specific language governing permissions and
 limitations under the License.

    Version: @xml.file.version
-->

<!--
    Example grid configuration using TCP discovery and Amazon S3 IP finder.
-->
<beans xmlns="http://www.springframework.org/schema/beans"
       xmlns:xsi="http://www.w3.org/2001/XMLSchema-instance"
       xsi:schemaLocation="
        http://www.springframework.org/schema/beans http://www.springframework.org/schema/beans/spring-beans.xsd">
    <description>Main Spring file for grid configuration.</description>

    <!--
        AWS credentials. Provide your access key ID and secret access key.
    -->
    <bean id="aws.creds" class="com.amazonaws.auth.BasicAWSCredentials">
        <constructor-arg value="YOUR_ACCESS_KEY_ID" />
        <constructor-arg value="YOUR_SECRET_ACCESS_KEY" />
    </bean>

    <!--
        Grid configuration.
    -->
    <bean id="grid.cfg" class="org.gridgain.grid.GridConfiguration">
        <!--
            Configuration for TCP discovery SPI (Amazon S3 IP finder).
        -->
        <property name="discoverySpi">
            <bean class="org.gridgain.grid.spi.discovery.tcp.GridTcpDiscoverySpi">
                <property name="ipFinder">
                    <bean class="org.gridgain.grid.spi.discovery.tcp.ipfinder.s3.GridTcpDiscoveryS3IpFinder">
                        <property name="awsCredentials" ref="aws.creds"/>
                        <property name="bucketName" value="YOUR_BUCKET_NAME_IP_FINDER"/>
                    </bean>
                </property>
            </bean>
        </property>
    </bean>
</beans>
