<?xml version="1.0"?>
<?xml-stylesheet type="text/xsl" href="configuration.xsl"?>

<!--
    _________        _____ __________________        _____
    __  ____/___________(_)______  /__  ____/______ ____(_)_______
    _  / __  __  ___/__  / _  __  / _  / __  _  __ `/__  / __  __ \
    / /_/ /  _  /    _  /  / /_/ /  / /_/ /  / /_/ / _  /  _  / / /
    \____/   /_/     /_/   \_,__/   \____/   \__,_/  /_/   /_/ /_/

    
 Copyright (C) GridGain Systems. All Rights Reserved.
 
 Licensed under the Apache License, Version 2.0 (the "License");
 you may not use this file except in compliance with the License.
 You may obtain a copy of the License at

     http://www.apache.org/licenses/LICENSE-2.0
 
 Unless required by applicable law or agreed to in writing, software
 distributed under the License is distributed on an "AS IS" BASIS,
 WITHOUT WARRANTIES OR CONDITIONS OF ANY KIND, either express or implied.
 See the License for the specific language governing permissions and
 limitations under the License.

    Version: @xml.file.version
-->

<!--
    Example configuration of the Hadoop FS driver over GridGain FS API.
    Copy this file into '$HADOOP_HOME/conf/core-site.xml'.
-->
<configuration>
    <property>
        <name>fs.default.name</name>
        <value>ggfs:///</value>
    </property>

    <property>
        <!-- FS driver class for the 'ggfs://' URIs. -->
        <name>fs.ggfs.impl</name>
        <value>org.gridgain.grid.ggfs.hadoop.v1.GridGgfsHadoopFileSystem</value>
    </property>

    <property>
        <!-- FS driver class for the 'ggfs://' URIs in Hadoop2.x -->
        <name>fs.AbstractFileSystem.ggfs.impl</name>
        <value>org.gridgain.grid.ggfs.hadoop.v2.GridGgfsHadoopFileSystem</value>
    </property>
</configuration>
