<?xml version='1.0' encoding='utf-8'?>
<!DOCTYPE hibernate-configuration PUBLIC
        "-//Hibernate/Hibernate Configuration DTD 3.0//EN"
        "http://www.hibernate.org/dtd/hibernate-configuration-3.0.dtd">

<hibernate-configuration>
    <session-factory>
        <!-- Show SQL. -->
        <property name="show_sql">true</property>

        <!-- Database connection settings (private in-memory database). -->
        <property name="connection.url">jdbc:h2:mem:example;DB_CLOSE_DELAY=-1</property>

        <!-- Only validate the database schema on startup in production mode. -->
        <property name="hbm2ddl.auto">update</property>

        <!-- Mappings. -->
        <mapping resource="org/gridgain/examples/datagrid/store/hibernate/Person.hbm.xml"/>
    </session-factory>
</hibernate-configuration>
