<?xml version="1.0" encoding="UTF-8"?>

<!--
    _________        _____ __________________        _____
    __  ____/___________(_)______  /__  ____/______ ____(_)_______
    _  / __  __  ___/__  / _  __  / _  / __  _  __ `/__  / __  __ \
    / /_/ /  _  /    _  /  / /_/ /  / /_/ /  / /_/ / _  /  _  / / /
    \____/   /_/     /_/   \_,__/   \____/   \__,_/  /_/   /_/ /_/

    
 Copyright (C) GridGain Systems. All Rights Reserved.
 
 Licensed under the Apache License, Version 2.0 (the "License");
 you may not use this file except in compliance with the License.
 You may obtain a copy of the License at

     http://www.apache.org/licenses/LICENSE-2.0
 
 Unless required by applicable law or agreed to in writing, software
 distributed under the License is distributed on an "AS IS" BASIS,
 WITHOUT WARRANTIES OR CONDITIONS OF ANY KIND, either express or implied.
 See the License for the specific language governing permissions and
 limitations under the License.

    Version: @xml.file.version
-->

<beans xmlns="http://www.springframework.org/schema/beans"
       xmlns:xsi="http://www.w3.org/2001/XMLSchema-instance"
       xsi:schemaLocation="http://www.springframework.org/schema/beans
                           http://www.springframework.org/schema/beans/spring-beans.xsd">
    <description>Main Spring file for grid configuration.</description>

    <bean id="grid.cfg" class="org.gridgain.grid.GridConfiguration">
        <!--
            Specify list of cache configurations here. For example
            purposed the following 3 caches are configured:

            - PARTITIONED, ATOMIC
            - REPLICATED, ATOMIC
            - LOCAL (non-distributed local cache), ATOMIC

            Any property from GridCacheConfiguration class can be configured here.
            Note that absolutely all configuration properties are optional.
        -->
        <property name="cacheConfiguration">
            <list>
                <bean class="org.gridgain.grid.cache.GridCacheConfiguration">
                    <property name="name" value="partitioned"/>
                    <property name="cacheMode" value="PARTITIONED"/>
                </bean>
                <bean class="org.gridgain.grid.cache.GridCacheConfiguration">
                    <property name="name" value="replicated"/>
                    <property name="cacheMode" value="REPLICATED"/>
                </bean>
                <bean class="org.gridgain.grid.cache.GridCacheConfiguration">
                    <property name="name" value="local"/>
                    <property name="cacheMode" value="LOCAL"/>
                </bean>
            </list>
        </property>
    </bean>
</beans>
