<?xml version="1.0" encoding="UTF-8"?>

<!--
    _________        _____ __________________        _____
    __  ____/___________(_)______  /__  ____/______ ____(_)_______
    _  / __  __  ___/__  / _  __  / _  / __  _  __ `/__  / __  __ \
    / /_/ /  _  /    _  /  / /_/ /  / /_/ /  / /_/ / _  /  _  / / /
    \____/   /_/     /_/   \_,__/   \____/   \__,_/  /_/   /_/ /_/

    
 Copyright (C) GridGain Systems. All Rights Reserved.
 
 Licensed under the Apache License, Version 2.0 (the "License");
 you may not use this file except in compliance with the License.
 You may obtain a copy of the License at

     http://www.apache.org/licenses/LICENSE-2.0
 
 Unless required by applicable law or agreed to in writing, software
 distributed under the License is distributed on an "AS IS" BASIS,
 WITHOUT WARRANTIES OR CONDITIONS OF ANY KIND, either express or implied.
 See the License for the specific language governing permissions and
 limitations under the License.

    Version: @xml.file.version
-->

<!--
    GridGain Spring configuration file to startup grid cache.

    When starting a standalone GridGain node, you need to execute the following command:
    {GRIDGAIN_HOME}/bin/ggstart.{bat|sh} examples/config/example-cache.xml

    When starting GridGain from Java IDE, pass path to this file to GridGain:
    GridGain.start("examples/config/example-cache.xml");
-->
<beans xmlns="http://www.springframework.org/schema/beans"
       xmlns:xsi="http://www.w3.org/2001/XMLSchema-instance"
       xmlns:util="http://www.springframework.org/schema/util"
       xsi:schemaLocation="
        http://www.springframework.org/schema/beans
        http://www.springframework.org/schema/beans/spring-beans.xsd
        http://www.springframework.org/schema/util
        http://www.springframework.org/schema/util/spring-util.xsd">
    <bean id="grid.cfg" class="org.gridgain.grid.GridConfiguration">
        <!-- Set to local host address just for examples. -->
        <property name="localHost" value="127.0.0.1"/>

        <!-- Set to true to enable grid-aware class loading for examples, default is false. -->
        <property name="peerClassLoadingEnabled" value="true"/>

        <property name="marshaller">
            <bean class="org.gridgain.grid.marshaller.optimized.GridOptimizedMarshaller">
                <!-- Set to false to allow non-serializable objects in examples, default is true. -->
                <property name="requireSerializable" value="false"/>
            </bean>
        </property>

        <!-- Enable cache events for examples. -->
        <property name="includeEventTypes">
            <util:constant static-field="org.gridgain.grid.events.GridEventType.EVTS_CACHE"/>
        </property>

        <!-- Cache configurations (all properties are optional). -->
        <property name="cacheConfiguration">
            <list>
                <!-- Partitioned cache example configuration (Atomic mode). -->
                <bean parent="cache-template">
                    <property name="name" value="partitioned"/>
                    <property name="cacheMode" value="PARTITIONED"/>
                    <property name="atomicityMode" value="ATOMIC"/>
                    <property name="distributionMode" value="PARTITIONED_ONLY"/>
                    <property name="backups" value="1"/>
                </bean>

                <!-- Partitioned cache example configuration (Transactional mode). -->
                <bean parent="cache-template">
                    <property name="name" value="partitioned_tx"/>
                    <property name="cacheMode" value="PARTITIONED"/>
                    <property name="atomicityMode" value="TRANSACTIONAL"/>
                    <property name="distributionMode" value="NEAR_PARTITIONED"/>
                    <property name="backups" value="1"/>
                </bean>

                <!--
                    Partitioned cache example configuration with portable objects enabled.
                    Used in .NET, C++ and Java client examples that are available only in
                    enterprise edition.
                -->
                <bean parent="cache-template">
                    <property name="name" value="partitioned_portable"/>
                    <property name="cacheMode" value="PARTITIONED"/>
                    <property name="atomicityMode" value="ATOMIC"/>
                    <property name="distributionMode" value="PARTITIONED_ONLY"/>
                    <property name="backups" value="1"/>
                    <property name="portableEnabled" value="true"/>
                    <property name="queryConfiguration">
                        <bean class="org.gridgain.grid.cache.query.GridCacheQueryConfiguration">
                            <property name="typeMetadata">
                                <list>
                                    <bean class="org.gridgain.grid.cache.query.GridCacheQueryTypeMetadata">
                                        <property name="type" value="Employee"/>
                                        <property name="ascendingFields">
                                            <map>
                                                <entry key="address.zip" value="java.lang.Integer"/>
                                            </map>
                                        </property>
                                        <property name="queryFields">
                                            <map>
                                                <entry key="name" value="java.lang.String"/>
                                                <entry key="salary" value="java.lang.Long"/>
                                            </map>
                                        </property>
                                        <property name="textFields">
                                            <list>
                                                <value>address.street</value>
                                            </list>
                                        </property>
                                    </bean>
                                </list>
                            </property>
                        </bean>
                    </property>
                </bean>

                <!-- Replicated cache example configuration (Atomic mode). -->
                <bean parent="cache-template">
                    <property name="name" value="replicated"/>
                    <property name="cacheMode" value="REPLICATED"/>
                    <property name="atomicityMode" value="ATOMIC"/>
                </bean>

                <!-- Replicated cache example configuration (Transactional mode). -->
                <bean parent="cache-template">
                    <property name="name" value="replicated_tx"/>
                    <property name="cacheMode" value="REPLICATED"/>
                    <property name="atomicityMode" value="TRANSACTIONAL"/>
                </bean>

                <!-- Local cache example configuration (Atomic mode). -->
                <bean parent="cache-template">
                    <property name="name" value="local"/>
                    <property name="cacheMode" value="LOCAL"/>
                    <property name="atomicityMode" value="ATOMIC"/>
                </bean>

                <!-- Local cache example configuration (Transactional mode). -->
                <bean parent="cache-template">
                    <property name="name" value="local_tx"/>
                    <property name="cacheMode" value="LOCAL"/>
                    <property name="atomicityMode" value="TRANSACTIONAL"/>
                </bean>
            </list>
        </property>

        <!-- Explicitly configure TCP discovery SPI to provide list of initial nodes. -->
        <property name="discoverySpi">
            <bean class="org.gridgain.grid.spi.discovery.tcp.GridTcpDiscoverySpi">
                <property name="ipFinder">
                    <!-- Uncomment multicast IP finder to enable multicast-based discovery of initial nodes. -->
                    <!--<bean class="org.gridgain.grid.spi.discovery.tcp.ipfinder.multicast.GridTcpDiscoveryMulticastIpFinder">-->
                    <bean class="org.gridgain.grid.spi.discovery.tcp.ipfinder.vm.GridTcpDiscoveryVmIpFinder">
                        <property name="addresses">
                            <list>
                                <!-- In distributed environment, replace with actual host IP address. -->
                                <value>127.0.0.1:47500..47509</value>
                            </list>
                        </property>
                    </bean>
                </property>
            </bean>
        </property>

        <!-- Allow indexing SPI to index primitive values (required for CachePopularNumbersExample). -->
        <property name="indexingSpi">
            <list>
                <bean class="org.gridgain.grid.spi.indexing.h2.GridH2IndexingSpi">
                    <property name="defaultIndexPrimitiveKey" value="true"/>
                </bean>
            </list>
        </property>
    </bean>

    <!-- Template for all example cache configurations. -->
    <bean id="cache-template" abstract="true" class="org.gridgain.grid.cache.GridCacheConfiguration">
        <!-- Initial cache size. -->
        <property name="startSize" value="3000000"/>

        <!-- Set synchronous preloading (default is asynchronous). -->
        <property name="preloadMode" value="SYNC"/>

        <!-- Set to FULL_SYNC for examples, default is PRIMARY_SYNC. -->
        <property name="writeSynchronizationMode" value="FULL_SYNC"/>

        <!-- Set to true to enable indexing for query examples, default value is false. -->
        <property name="queryIndexEnabled" value="true"/>
    </bean>
</beans>
